sid,fname,lname,dob,cno,cname,credits,grade
kev18,Kevin,Lin,May 10th 1999,CS329E,Elements of Web Programming,3,
paulg,Paul,Gore,2000-09-17,CS329E,Elements of Web Programming,3,A
paulg,Paul,Gore,2000-09-17,CS326E,Elements of Networking,3,A-
paulg,Paul,Gore,09/17/2000,CS313E,Elements of Software Design,3,
bzen26,Biswa,Zen,1998-Apr-22,CS313E,Elements of Software Design,3,B+
jerryh,Jerry,Hargrove,01/03/1999,CS327E - Fall18,Elements of Databases,3,B
jerryh,Jerry,Hargrove,JAN 3rd 1999,CS329E,Elements of Web Programming,3,A-
aprilz,April,Lopez,2000-01-10,,,,
sudeepa4,Sudeepa,Roy,2000-10-01,,,,